[
	{
        "ProducerName":"Keg - Copper", //Name of the producer
        "AlternateFrameProducing": false, //If the producer should use the alternate frame when producing.
        "AlternateFrameWhenReady": false //If the producer should use the alternate frame and ready for harvest.
    },
	{
        "ProducerName":"Keg - Iron", //Name of the producer
        "AlternateFrameProducing": false, //If the producer should use the alternate frame when producing.
        "AlternateFrameWhenReady": false //If the producer should use the alternate frame and ready for harvest.
    },
	{
        "ProducerName":"Keg - Gold", //Name of the producer
        "AlternateFrameProducing": false, //If the producer should use the alternate frame when producing.
        "AlternateFrameWhenReady": false //If the producer should use the alternate frame and ready for harvest.
    },
	{
        "ProducerName":"Keg - Iridium", //Name of the producer
        "AlternateFrameProducing": false, //If the producer should use the alternate frame when producing.
        "AlternateFrameWhenReady": false //If the producer should use the alternate frame and ready for harvest.
    }
]