[
	// Keg - Copper
	{ //Beer
		"ProducerName": "Keg - Copper",
		"InputIdentifier": "262",
		"InputStack": 10,
		"MinutesUntilReady": 1750,
		"OutputIdentifier": "346",
		"KeepInputQuality": true,
		"OutputStack": 10,
		"Sounds": ["Ship", "bubbles"],
		"PlacingAnimation": "Bubbles",
		"PlacingAnimationColorName": "Yellow"
	},
	{ //Pale Ale
		"ProducerName": "Keg - Copper",
		"InputIdentifier": "304",
		"InputStack": 10,
		"MinutesUntilReady": 2250,
		"OutputIdentifier": "303",
		"KeepInputQuality": true,
		"OutputStack": 10,
		"Sounds": ["Ship", "bubbles"],
		"PlacingAnimation": "Bubbles",
		"PlacingAnimationColorName": "Yellow"
	},
	{ //Mead
		"ProducerName": "Keg - Copper",
		"InputIdentifier": "340",
		"InputStack": 10,
		"MinutesUntilReady": 600,
		"OutputIdentifier": "459",
		"KeepInputParentIndex": true,
		"KeepInputQuality": true,
		"OutputStack": 10,
		"Sounds": ["Ship", "bubbles"],
		"PlacingAnimation": "Bubbles",
		"PlacingAnimationColorName": "Yellow"
	},
	{ //Coffee
		"ProducerName": "Keg - Copper",
		"InputIdentifier": "433",
		"InputStack": 50,
		"MinutesUntilReady": 120,
		"OutputIdentifier": "395",
		"KeepInputQuality": true,
		"OutputStack": 10,
		"Sounds": ["Ship", "bubbles"],
		"PlacingAnimation": "Bubbles",
		"PlacingAnimationColorName": "DarkGray"
	},
	{ //Green Tea
		"ProducerName": "Keg - Copper",
		"InputIdentifier": "815",
		"InputStack": 10,
		"MinutesUntilReady": 180,
		"OutputIdentifier": "614",
		"KeepInputQuality": true,
		"OutputStack": 10,
		"Sounds": ["Ship", "bubbles"],
		"PlacingAnimation": "Bubbles",
		"PlacingAnimationColorName": "Lime"
	},
	{ //Wine
		"ProducerName": "Keg - Copper",
		"InputIdentifier": "-79",
		"InputStack": 10,
		"MinutesUntilReady": 10000,
		"OutputIdentifier": "348",
		"PreserveType": "Wine",
		"InputPriceBased": true,
		"OutputPriceMultiplier": 3,
		"KeepInputQuality": true,
		"OutputStack": 10,
		"Sounds": ["Ship", "bubbles"],
		"PlacingAnimation": "Bubbles",
		"PlacingAnimationColorName": "Lavender"
	},
	{ //Juice
		"ProducerName": "Keg - Copper",
		"InputIdentifier": "-75",
		"InputStack": 10,
		"MinutesUntilReady": 6000,
		"OutputIdentifier": "350",
		"PreserveType": "Juice",
		"InputPriceBased": true,
		"OutputPriceMultiplier": 2.25,
		"KeepInputQuality": true,
		"OutputStack": 10,
		"Sounds": ["Ship", "bubbles"],
		"PlacingAnimation": "Bubbles",
		"PlacingAnimationColorName": "White"
	},
	
	// Artisan Valley
	{ // Apple Cider
        "ProducerName": "Keg - Copper",
        "InputIdentifier": "Wine Yeast",
        "InputStack": 10,
        "FuelIdentifier": "613",
        "FuelStack": 10,
        "MinutesUntilReady": 2360,
        "OutputIdentifier": "Apple Cider",
        "InputPriceBased": false,
        "KeepInputQuality": true,
        "OutputStack": 10,
        "Sounds": ["Ship"],
        "PlacingAnimation": null,
        "PlacingAnimationColorName": "White",
    },
    { // Cauim
        "ProducerName": "Keg - Copper",
        "InputIdentifier": "Cassava",
        "InputStack": 10,
        "MinutesUntilReady": 2360,
        "OutputIdentifier": "Cauim",
        "InputPriceBased": false,
        "KeepInputQuality": true,
        "OutputStack": 10,
        "Sounds": ["Ship"],
        "PlacingAnimation": null,
        "PlacingAnimationColorName": "White",
    },
    { // Durum
        "ProducerName": "Keg - Copper",
        "InputIdentifier": "Durum",
        "InputStack": 10,
        "MinutesUntilReady": 6000,
        "OutputIdentifier": "Dark Ale",
        "InputPriceBased": false,
        "KeepInputQuality": true,
        "OutputStack": 10,
        "Sounds": ["Ship"],
        "PlacingAnimation": null,
        "PlacingAnimationColorName": "White",
    },
    { // Framboise Lambic
        "ProducerName": "Keg - Copper",
        "InputIdentifier": "Raspberry",
        "InputStack": 10,
        "FuelIdentifier": "Yeast",
        "FuelStack": 10,
        "MinutesUntilReady": 6000,
        "OutputIdentifier": "Framboise Lambic",
        "InputPriceBased": false,
        "KeepInputQuality": true,
        "OutputStack": 10,
        "Sounds": ["Ship"],
        "PlacingAnimation": null,
        "PlacingAnimationColorName": "White",
    },
    { // Hard Apple Cider
        "ProducerName": "Keg - Copper",
        "InputIdentifier": "Apple Cider",
        "InputStack": 10,
        "MinutesUntilReady": 2360,
        "OutputIdentifier": "Hard Apple Cider",
        "InputPriceBased": false,
        "KeepInputQuality": true,
        "OutputStack": 10,
        "Sounds": ["Ship"],
        "PlacingAnimation": null,
        "PlacingAnimationColorName": "White",
    },
    { // Kefir
        "ProducerName": "Keg - Copper",
        "InputIdentifier": "goat_milk_item",
        "InputStack": 10,
        "MinutesUntilReady": 2360,
        "OutputIdentifier": "Kefir",
        "InputPriceBased": false,
        "KeepInputQuality": true,
        "OutputStack": 10,
        "Sounds": ["Ship"],
        "PlacingAnimation": null,
        "PlacingAnimationColorName": "White",
    },
    { // Kumis
        "ProducerName": "Keg - Copper",
        "InputIdentifier": "cow_milk_item",
        "InputStack": 10,
        "MinutesUntilReady": 2360,
        "OutputIdentifier": "Kumis",
        "InputPriceBased": false,
        "KeepInputQuality": true,
        "OutputStack": 10,
        "Sounds": ["Ship"],
        "PlacingAnimation": null,
        "PlacingAnimationColorName": "White",
    },
    { // Lassi
        "ProducerName": "Keg - Copper",
        "InputIdentifier": "Yogurt",
        "InputStack": 10,
        "MinutesUntilReady": 2360,
        "OutputIdentifier": "Lassi",
        "InputPriceBased": false,
        "KeepInputQuality": true,
        "OutputStack": 10,
        "Sounds": ["Ship"],
        "PlacingAnimation": null,
        "PlacingAnimationColorName": "White",
    },
    { // Perry
        "ProducerName": "Keg - Copper",
        "InputIdentifier": "Pear",
        "InputStack": 10,
        "FuelIdentifier": "Yeast",
        "FuelStack": 10,
        "MinutesUntilReady": 6000,
        "OutputIdentifier": "Perry",
        "InputPriceBased": false,
        "KeepInputQuality": true,
        "OutputStack": 10,
        "Sounds": ["Ship"],
        "PlacingAnimation": null,
        "PlacingAnimationColorName": "White",
    },
    { // Porter
        "ProducerName": "Keg - Copper",
        "InputIdentifier": "Wheat Malt",
        "InputStack": 10,
        "MinutesUntilReady": 2360,
        "OutputIdentifier": "Porter",
        "InputPriceBased": false,
        "KeepInputQuality": true,
        "OutputStack": 10,
        "Sounds": ["Ship"],
        "PlacingAnimation": null,
        "PlacingAnimationColorName": "White",
    },
    { // Pulque
        "ProducerName": "Keg - Copper",
        "InputIdentifier": "Maguey",
        "InputStack": 10,
        "MinutesUntilReady": 2360,
        "OutputIdentifier": "Pulque",
        "InputPriceBased": false,
        "KeepInputQuality": true,
        "OutputStack": 10,
        "Sounds": ["Ship"],
        "PlacingAnimation": null,
        "PlacingAnimationColorName": "White",
    },
    { // Sake
        "ProducerName": "Keg - Copper",
        "InputIdentifier": "Rice Flour",
        "InputStack": 10,
        "MinutesUntilReady": 6000,
        "OutputIdentifier": "Sake",
        "InputPriceBased": false,
        "KeepInputQuality": true,
        "OutputStack": 10,
        "Sounds": ["Ship"],
        "PlacingAnimation": null,
        "PlacingAnimationColorName": "White",
    },
    { // Sparkling Wine
        "ProducerName": "Keg - Copper",
        "InputIdentifier": "348",
        "InputStack": 10,
        "FuelIdentifier": "Wine Yeast",
        "FuelStack": 10,
        "MinutesUntilReady": 6000,
        "OutputIdentifier": "Sparkling Wine",
        "InputPriceBased": false,
        "KeepInputQuality": true,
        "OutputStack": 10,
        "Sounds": ["Ship"],
        "PlacingAnimation": null,
        "PlacingAnimationColorName": "White",
    },
    { // Stout
        "ProducerName": "Keg - Copper",
        "InputIdentifier": "Barley Malt",
        "InputStack": 10,
        "MinutesUntilReady": 6000,
        "OutputIdentifier": "Stout",
        "InputPriceBased": false,
        "KeepInputQuality": true,
        "OutputStack": 10,
        "Sounds": ["Ship"],
        "PlacingAnimation": null,
        "PlacingAnimationColorName": "White",
    },
    { // Umeshu
        "ProducerName": "Keg - Copper",
        "InputIdentifier": "406",
        "InputStack": 10,
        "FuelIdentifier": "245",
        "FuelStack": 10,
        "MinutesUntilReady": 6000,
        "OutputIdentifier": "Umeshu",
        "InputPriceBased": false,
        "KeepInputQuality": true,
        "OutputStack": 10,
        "Sounds": ["Ship"],
        "PlacingAnimation": null,
        "PlacingAnimationColorName": "White",
    },
	
	// Keg - Iron
	{ //Beer
		"ProducerName": "Keg - Iron",
		"InputIdentifier": "262",
		"InputStack": 25,
		"MinutesUntilReady": 1750,
		"OutputIdentifier": "346",
		"KeepInputQuality": true,
		"OutputStack": 25,
		"Sounds": ["Ship", "bubbles"],
		"PlacingAnimation": "Bubbles",
		"PlacingAnimationColorName": "Yellow"
	},
	{ //Pale Ale
		"ProducerName": "Keg - Iron",
		"InputIdentifier": "304",
		"InputStack": 25,
		"MinutesUntilReady": 2250,
		"OutputIdentifier": "303",
		"KeepInputQuality": true,
		"OutputStack": 25,
		"Sounds": ["Ship", "bubbles"],
		"PlacingAnimation": "Bubbles",
		"PlacingAnimationColorName": "Yellow"
	},
	{ //Mead
		"ProducerName": "Keg - Iron",
		"InputIdentifier": "340",
		"InputStack": 25,
		"MinutesUntilReady": 600,
		"OutputIdentifier": "459",
		"KeepInputParentIndex": true,
		"KeepInputQuality": true,
		"OutputStack": 25,
		"Sounds": ["Ship", "bubbles"],
		"PlacingAnimation": "Bubbles",
		"PlacingAnimationColorName": "Yellow"
	},
	{ //Coffee
		"ProducerName": "Keg - Iron",
		"InputIdentifier": "433",
		"InputStack": 125,
		"MinutesUntilReady": 120,
		"OutputIdentifier": "395",
		"KeepInputQuality": true,
		"OutputStack": 25,
		"Sounds": ["Ship", "bubbles"],
		"PlacingAnimation": "Bubbles",
		"PlacingAnimationColorName": "DarkGray"
	},
	{ //Green Tea
		"ProducerName": "Keg - Iron",
		"InputIdentifier": "815",
		"InputStack": 25,
		"MinutesUntilReady": 180,
		"OutputIdentifier": "614",
		"KeepInputQuality": true,
		"OutputStack": 25,
		"Sounds": ["Ship", "bubbles"],
		"PlacingAnimation": "Bubbles",
		"PlacingAnimationColorName": "Lime"
	},
	{ //Wine
		"ProducerName": "Keg - Iron",
		"InputIdentifier": "-79",
		"InputStack": 25,
		"MinutesUntilReady": 10000,
		"OutputIdentifier": "348",
		"PreserveType": "Wine",
		"InputPriceBased": true,
		"OutputPriceMultiplier": 3,
		"KeepInputQuality": true,
		"OutputStack": 25,
		"Sounds": ["Ship", "bubbles"],
		"PlacingAnimation": "Bubbles",
		"PlacingAnimationColorName": "Lavender"
	},
	{ //Juice
		"ProducerName": "Keg - Iron",
		"InputIdentifier": "-75",
		"InputStack": 25,
		"MinutesUntilReady": 6000,
		"OutputIdentifier": "350",
		"PreserveType": "Juice",
		"InputPriceBased": true,
		"OutputPriceMultiplier": 2.25,
		"KeepInputQuality": true,
		"OutputStack": 25,
		"Sounds": ["Ship", "bubbles"],
		"PlacingAnimation": "Bubbles",
		"PlacingAnimationColorName": "White"
	},
	
	// Artisan Valley
    { // Apple Cider
        "ProducerName": "Keg - Iron",
        "InputIdentifier": "Wine Yeast",
        "InputStack": 25,
        "FuelIdentifier": "613",
        "FuelStack": 25,
        "MinutesUntilReady": 2360,
        "OutputIdentifier": "Apple Cider",
        "InputPriceBased": false,
        "KeepInputQuality": true,
        "OutputStack": 25,
        "Sounds": ["Ship"],
        "PlacingAnimation": null,
        "PlacingAnimationColorName": "White",
    },
    { // Cauim
        "ProducerName": "Keg - Iron",
        "InputIdentifier": "Cassava",
        "InputStack": 25,
        "MinutesUntilReady": 2360,
        "OutputIdentifier": "Cauim",
        "InputPriceBased": false,
        "KeepInputQuality": true,
        "OutputStack": 25,
        "Sounds": ["Ship"],
        "PlacingAnimation": null,
        "PlacingAnimationColorName": "White",
    },
    { // Durum
        "ProducerName": "Keg - Iron",
        "InputIdentifier": "Durum",
        "InputStack": 25,
        "MinutesUntilReady": 6000,
        "OutputIdentifier": "Dark Ale",
        "InputPriceBased": false,
        "KeepInputQuality": true,
        "OutputStack": 25,
        "Sounds": ["Ship"],
        "PlacingAnimation": null,
        "PlacingAnimationColorName": "White",
    },
    { // Framboise Lambic
        "ProducerName": "Keg - Iron",
        "InputIdentifier": "Raspberry",
        "InputStack": 25,
        "FuelIdentifier": "Yeast",
        "FuelStack": 25,
        "MinutesUntilReady": 6000,
        "OutputIdentifier": "Framboise Lambic",
        "InputPriceBased": false,
        "KeepInputQuality": true,
        "OutputStack": 25,
        "Sounds": ["Ship"],
        "PlacingAnimation": null,
        "PlacingAnimationColorName": "White",
    },
    { // Hard Apple Cider
        "ProducerName": "Keg - Iron",
        "InputIdentifier": "Apple Cider",
        "InputStack": 25,
        "MinutesUntilReady": 2360,
        "OutputIdentifier": "Hard Apple Cider",
        "InputPriceBased": false,
        "KeepInputQuality": true,
        "OutputStack": 25,
        "Sounds": ["Ship"],
        "PlacingAnimation": null,
        "PlacingAnimationColorName": "White",
    },
    { // Kefir
        "ProducerName": "Keg - Iron",
        "InputIdentifier": "goat_milk_item",
        "InputStack": 25,
        "MinutesUntilReady": 2360,
        "OutputIdentifier": "Kefir",
        "InputPriceBased": false,
        "KeepInputQuality": true,
        "OutputStack": 25,
        "Sounds": ["Ship"],
        "PlacingAnimation": null,
        "PlacingAnimationColorName": "White",
    },
    { // Kumis
        "ProducerName": "Keg - Iron",
        "InputIdentifier": "cow_milk_item",
        "InputStack": 25,
        "MinutesUntilReady": 2360,
        "OutputIdentifier": "Kumis",
        "InputPriceBased": false,
        "KeepInputQuality": true,
        "OutputStack": 25,
        "Sounds": ["Ship"],
        "PlacingAnimation": null,
        "PlacingAnimationColorName": "White",
    },
    { // Lassi
        "ProducerName": "Keg - Iron",
        "InputIdentifier": "Yogurt",
        "InputStack": 25,
        "MinutesUntilReady": 2360,
        "OutputIdentifier": "Lassi",
        "InputPriceBased": false,
        "KeepInputQuality": true,
        "OutputStack": 25,
        "Sounds": ["Ship"],
        "PlacingAnimation": null,
        "PlacingAnimationColorName": "White",
    },
    { // Perry
        "ProducerName": "Keg - Iron",
        "InputIdentifier": "Pear",
        "InputStack": 25,
        "FuelIdentifier": "Yeast",
        "FuelStack": 25,
        "MinutesUntilReady": 6000,
        "OutputIdentifier": "Perry",
        "InputPriceBased": false,
        "KeepInputQuality": true,
        "OutputStack": 25,
        "Sounds": ["Ship"],
        "PlacingAnimation": null,
        "PlacingAnimationColorName": "White",
    },
    { // Porter
        "ProducerName": "Keg - Iron",
        "InputIdentifier": "Wheat Malt",
        "InputStack": 25,
        "MinutesUntilReady": 2360,
        "OutputIdentifier": "Porter",
        "InputPriceBased": false,
        "KeepInputQuality": true,
        "OutputStack": 25,
        "Sounds": ["Ship"],
        "PlacingAnimation": null,
        "PlacingAnimationColorName": "White",
    },
    { // Pulque
        "ProducerName": "Keg - Iron",
        "InputIdentifier": "Maguey",
        "InputStack": 25,
        "MinutesUntilReady": 2360,
        "OutputIdentifier": "Pulque",
        "InputPriceBased": false,
        "KeepInputQuality": true,
        "OutputStack": 25,
        "Sounds": ["Ship"],
        "PlacingAnimation": null,
        "PlacingAnimationColorName": "White",
    },
    { // Sake
        "ProducerName": "Keg - Iron",
        "InputIdentifier": "Rice Flour",
        "InputStack": 25,
        "MinutesUntilReady": 6000,
        "OutputIdentifier": "Sake",
        "InputPriceBased": false,
        "KeepInputQuality": true,
        "OutputStack": 25,
        "Sounds": ["Ship"],
        "PlacingAnimation": null,
        "PlacingAnimationColorName": "White",
    },
    { // Sparkling Wine
        "ProducerName": "Keg - Iron",
        "InputIdentifier": "348",
        "InputStack": 25,
        "FuelIdentifier": "Wine Yeast",
        "FuelStack": 25,
        "MinutesUntilReady": 6000,
        "OutputIdentifier": "Sparkling Wine",
        "InputPriceBased": false,
        "KeepInputQuality": true,
        "OutputStack": 25,
        "Sounds": ["Ship"],
        "PlacingAnimation": null,
        "PlacingAnimationColorName": "White",
    },
    { // Stout
        "ProducerName": "Keg - Iron",
        "InputIdentifier": "Barley Malt",
        "InputStack": 25,
        "MinutesUntilReady": 6000,
        "OutputIdentifier": "Stout",
        "InputPriceBased": false,
        "KeepInputQuality": true,
        "OutputStack": 25,
        "Sounds": ["Ship"],
        "PlacingAnimation": null,
        "PlacingAnimationColorName": "White",
    },
    { // Umeshu
        "ProducerName": "Keg - Iron",
        "InputIdentifier": "406",
        "InputStack": 25,
        "FuelIdentifier": "245",
        "FuelStack": 25,
        "MinutesUntilReady": 6000,
        "OutputIdentifier": "Umeshu",
        "InputPriceBased": false,
        "KeepInputQuality": true,
        "OutputStack": 25,
        "Sounds": ["Ship"],
        "PlacingAnimation": null,
        "PlacingAnimationColorName": "White",
    },
	
	// Keg - Gold
	{ //Beer
		"ProducerName": "Keg - Gold",
		"InputIdentifier": "262",
		"InputStack": 50,
		"MinutesUntilReady": 1750,
		"OutputIdentifier": "346",
		"KeepInputQuality": true,
		"OutputStack": 50,
		"Sounds": ["Ship", "bubbles"],
		"PlacingAnimation": "Bubbles",
		"PlacingAnimationColorName": "Yellow"
	},
	{ //Pale Ale
		"ProducerName": "Keg - Gold",
		"InputIdentifier": "304",
		"InputStack": 50,
		"MinutesUntilReady": 2250,
		"OutputIdentifier": "303",
		"KeepInputQuality": true,
		"OutputStack": 50,
		"Sounds": ["Ship", "bubbles"],
		"PlacingAnimation": "Bubbles",
		"PlacingAnimationColorName": "Yellow"
	},
	{ //Mead
		"ProducerName": "Keg - Gold",
		"InputIdentifier": "340",
		"InputStack": 50,
		"MinutesUntilReady": 600,
		"OutputIdentifier": "459",
		"KeepInputParentIndex": true,
		"KeepInputQuality": true,
		"OutputStack": 50,
		"Sounds": ["Ship", "bubbles"],
		"PlacingAnimation": "Bubbles",
		"PlacingAnimationColorName": "Yellow"
	},
	{ //Coffee
		"ProducerName": "Keg - Gold",
		"InputIdentifier": "433",
		"InputStack": 250,
		"MinutesUntilReady": 120,
		"OutputIdentifier": "395",
		"KeepInputQuality": true,
		"OutputStack": 50,
		"Sounds": ["Ship", "bubbles"],
		"PlacingAnimation": "Bubbles",
		"PlacingAnimationColorName": "DarkGray"
	},
	{ //Green Tea
		"ProducerName": "Keg - Gold",
		"InputIdentifier": "815",
		"InputStack": 50,
		"MinutesUntilReady": 180,
		"OutputIdentifier": "614",
		"KeepInputQuality": true,
		"OutputStack": 50,
		"Sounds": ["Ship", "bubbles"],
		"PlacingAnimation": "Bubbles",
		"PlacingAnimationColorName": "Lime"
	},
	{ //Wine
		"ProducerName": "Keg - Gold",
		"InputIdentifier": "-79",
		"InputStack": 50,
		"MinutesUntilReady": 10000,
		"OutputIdentifier": "348",
		"PreserveType": "Wine",
		"InputPriceBased": true,
		"OutputPriceMultiplier": 3,
		"KeepInputQuality": true,
		"OutputStack": 50,
		"Sounds": ["Ship", "bubbles"],
		"PlacingAnimation": "Bubbles",
		"PlacingAnimationColorName": "Lavender"
	},
	{ //Juice
		"ProducerName": "Keg - Gold",
		"InputIdentifier": "-75",
		"InputStack": 50,
		"MinutesUntilReady": 6000,
		"OutputIdentifier": "350",
		"PreserveType": "Juice",
		"InputPriceBased": true,
		"OutputPriceMultiplier": 2.25,
		"KeepInputQuality": true,
		"OutputStack": 50,
		"Sounds": ["Ship", "bubbles"],
		"PlacingAnimation": "Bubbles",
		"PlacingAnimationColorName": "White"
	},
	
	// Artisan Valley
    { // Apple Cider
        "ProducerName": "Keg - Gold",
        "InputIdentifier": "Wine Yeast",
        "InputStack": 50,
        "FuelIdentifier": "613",
        "FuelStack": 50,
        "MinutesUntilReady": 2360,
        "OutputIdentifier": "Apple Cider",
        "InputPriceBased": false,
        "KeepInputQuality": true,
        "OutputStack": 50,
        "Sounds": ["Ship"],
        "PlacingAnimation": null,
        "PlacingAnimationColorName": "White",
    },
    { // Cauim
        "ProducerName": "Keg - Gold",
        "InputIdentifier": "Cassava",
        "InputStack": 50,
        "MinutesUntilReady": 2360,
        "OutputIdentifier": "Cauim",
        "InputPriceBased": false,
        "KeepInputQuality": true,
        "OutputStack": 50,
        "Sounds": ["Ship"],
        "PlacingAnimation": null,
        "PlacingAnimationColorName": "White",
    },
    { // Durum
        "ProducerName": "Keg - Gold",
        "InputIdentifier": "Durum",
        "InputStack": 50,
        "MinutesUntilReady": 6000,
        "OutputIdentifier": "Dark Ale",
        "InputPriceBased": false,
        "KeepInputQuality": true,
        "OutputStack": 50,
        "Sounds": ["Ship"],
        "PlacingAnimation": null,
        "PlacingAnimationColorName": "White",
    },
    { // Framboise Lambic
        "ProducerName": "Keg - Gold",
        "InputIdentifier": "Raspberry",
        "InputStack": 50,
        "FuelIdentifier": "Yeast",
        "FuelStack": 50,
        "MinutesUntilReady": 6000,
        "OutputIdentifier": "Framboise Lambic",
        "InputPriceBased": false,
        "KeepInputQuality": true,
        "OutputStack": 50,
        "Sounds": ["Ship"],
        "PlacingAnimation": null,
        "PlacingAnimationColorName": "White",
    },
    { // Hard Apple Cider
        "ProducerName": "Keg - Gold",
        "InputIdentifier": "Apple Cider",
        "InputStack": 50,
        "MinutesUntilReady": 2360,
        "OutputIdentifier": "Hard Apple Cider",
        "InputPriceBased": false,
        "KeepInputQuality": true,
        "OutputStack": 50,
        "Sounds": ["Ship"],
        "PlacingAnimation": null,
        "PlacingAnimationColorName": "White",
    },
    { // Kefir
        "ProducerName": "Keg - Gold",
        "InputIdentifier": "goat_milk_item",
        "InputStack": 50,
        "MinutesUntilReady": 2360,
        "OutputIdentifier": "Kefir",
        "InputPriceBased": false,
        "KeepInputQuality": true,
        "OutputStack": 50,
        "Sounds": ["Ship"],
        "PlacingAnimation": null,
        "PlacingAnimationColorName": "White",
    },
    { // Kumis
        "ProducerName": "Keg - Gold",
        "InputIdentifier": "cow_milk_item",
        "InputStack": 50,
        "MinutesUntilReady": 2360,
        "OutputIdentifier": "Kumis",
        "InputPriceBased": false,
        "KeepInputQuality": true,
        "OutputStack": 50,
        "Sounds": ["Ship"],
        "PlacingAnimation": null,
        "PlacingAnimationColorName": "White",
    },
    { // Lassi
        "ProducerName": "Keg - Gold",
        "InputIdentifier": "Yogurt",
        "InputStack": 50,
        "MinutesUntilReady": 2360,
        "OutputIdentifier": "Lassi",
        "InputPriceBased": false,
        "KeepInputQuality": true,
        "OutputStack": 50,
        "Sounds": ["Ship"],
        "PlacingAnimation": null,
        "PlacingAnimationColorName": "White",
    },
    { // Perry
        "ProducerName": "Keg - Gold",
        "InputIdentifier": "Pear",
        "InputStack": 50,
        "FuelIdentifier": "Yeast",
        "FuelStack": 50,
        "MinutesUntilReady": 6000,
        "OutputIdentifier": "Perry",
        "InputPriceBased": false,
        "KeepInputQuality": true,
        "OutputStack": 50,
        "Sounds": ["Ship"],
        "PlacingAnimation": null,
        "PlacingAnimationColorName": "White",
    },
    { // Porter
        "ProducerName": "Keg - Gold",
        "InputIdentifier": "Wheat Malt",
        "InputStack": 50,
        "MinutesUntilReady": 2360,
        "OutputIdentifier": "Porter",
        "InputPriceBased": false,
        "KeepInputQuality": true,
        "OutputStack": 50,
        "Sounds": ["Ship"],
        "PlacingAnimation": null,
        "PlacingAnimationColorName": "White",
    },
    { // Pulque
        "ProducerName": "Keg - Gold",
        "InputIdentifier": "Maguey",
        "InputStack": 50,
        "MinutesUntilReady": 2360,
        "OutputIdentifier": "Pulque",
        "InputPriceBased": false,
        "KeepInputQuality": true,
        "OutputStack": 50,
        "Sounds": ["Ship"],
        "PlacingAnimation": null,
        "PlacingAnimationColorName": "White",
    },
    { // Sake
        "ProducerName": "Keg - Gold",
        "InputIdentifier": "Rice Flour",
        "InputStack": 50,
        "MinutesUntilReady": 6000,
        "OutputIdentifier": "Sake",
        "InputPriceBased": false,
        "KeepInputQuality": true,
        "OutputStack": 50,
        "Sounds": ["Ship"],
        "PlacingAnimation": null,
        "PlacingAnimationColorName": "White",
    },
    { // Sparkling Wine
        "ProducerName": "Keg - Gold",
        "InputIdentifier": "348",
        "InputStack": 50,
        "FuelIdentifier": "Wine Yeast",
        "FuelStack": 50,
        "MinutesUntilReady": 6000,
        "OutputIdentifier": "Sparkling Wine",
        "InputPriceBased": false,
        "KeepInputQuality": true,
        "OutputStack": 50,
        "Sounds": ["Ship"],
        "PlacingAnimation": null,
        "PlacingAnimationColorName": "White",
    },
    { // Stout
        "ProducerName": "Keg - Gold",
        "InputIdentifier": "Barley Malt",
        "InputStack": 50,
        "MinutesUntilReady": 6000,
        "OutputIdentifier": "Stout",
        "InputPriceBased": false,
        "KeepInputQuality": true,
        "OutputStack": 50,
        "Sounds": ["Ship"],
        "PlacingAnimation": null,
        "PlacingAnimationColorName": "White",
    },
    { // Umeshu
        "ProducerName": "Keg - Gold",
        "InputIdentifier": "406",
        "InputStack": 50,
        "FuelIdentifier": "245",
        "FuelStack": 50,
        "MinutesUntilReady": 6000,
        "OutputIdentifier": "Umeshu",
        "InputPriceBased": false,
        "KeepInputQuality": true,
        "OutputStack": 50,
        "Sounds": ["Ship"],
        "PlacingAnimation": null,
        "PlacingAnimationColorName": "White",
    },
	
	// Keg - Iridium
	{ //Beer
		"ProducerName": "Keg - Iridium",
		"InputIdentifier": "262",
		"InputStack": 100,
		"MinutesUntilReady": 1750,
		"OutputIdentifier": "346",
		"KeepInputQuality": true,
		"OutputStack": 100,
		"Sounds": ["Ship", "bubbles"],
		"PlacingAnimation": "Bubbles",
		"PlacingAnimationColorName": "Yellow"
	},
	{ //Pale Ale
		"ProducerName": "Keg - Iridium",
		"InputIdentifier": "304",
		"InputStack": 100,
		"MinutesUntilReady": 2250,
		"OutputIdentifier": "303",
		"KeepInputQuality": true,
		"OutputStack": 100,
		"Sounds": ["Ship", "bubbles"],
		"PlacingAnimation": "Bubbles",
		"PlacingAnimationColorName": "Yellow"
	},
	{ //Mead
		"ProducerName": "Keg - Iridium",
		"InputIdentifier": "340",
		"InputStack": 100,
		"MinutesUntilReady": 600,
		"OutputIdentifier": "459",
		"KeepInputParentIndex": true,
		"KeepInputQuality": true,
		"OutputStack": 100,
		"Sounds": ["Ship", "bubbles"],
		"PlacingAnimation": "Bubbles",
		"PlacingAnimationColorName": "Yellow"
	},
	{ //Coffee
		"ProducerName": "Keg - Iridium",
		"InputIdentifier": "433",
		"InputStack": 500,
		"MinutesUntilReady": 120,
		"OutputIdentifier": "395",
		"KeepInputQuality": true,
		"OutputStack": 100,
		"Sounds": ["Ship", "bubbles"],
		"PlacingAnimation": "Bubbles",
		"PlacingAnimationColorName": "DarkGray"
	},
	{ //Green Tea
		"ProducerName": "Keg - Iridium",
		"InputIdentifier": "815",
		"InputStack": 100,
		"MinutesUntilReady": 180,
		"OutputIdentifier": "614",
		"KeepInputQuality": true,
		"OutputStack": 100,
		"Sounds": ["Ship", "bubbles"],
		"PlacingAnimation": "Bubbles",
		"PlacingAnimationColorName": "Lime"
	},
	{ //Wine
		"ProducerName": "Keg - Iridium",
		"InputIdentifier": "-79",
		"InputStack": 100,
		"MinutesUntilReady": 10000,
		"OutputIdentifier": "348",
		"PreserveType": "Wine",
		"InputPriceBased": true,
		"OutputPriceMultiplier": 3,
		"KeepInputQuality": true,
		"OutputStack": 100,
		"Sounds": ["Ship", "bubbles"],
		"PlacingAnimation": "Bubbles",
		"PlacingAnimationColorName": "Lavender"
	},
	{ //Juice
		"ProducerName": "Keg - Iridium",
		"InputIdentifier": "-75",
		"InputStack": 100,
		"MinutesUntilReady": 6000,
		"OutputIdentifier": "350",
		"PreserveType": "Juice",
		"InputPriceBased": true,
		"OutputPriceMultiplier": 2.25,
		"KeepInputQuality": true,
		"OutputStack": 100,
		"Sounds": ["Ship", "bubbles"],
		"PlacingAnimation": "Bubbles",
		"PlacingAnimationColorName": "White"
	},
	
	// Artisan Valley
    { // Apple Cider
        "ProducerName": "Keg - Iridium",
        "InputIdentifier": "Wine Yeast",
        "InputStack": 100,
        "FuelIdentifier": "613",
        "FuelStack": 100,
        "MinutesUntilReady": 2360,
        "OutputIdentifier": "Apple Cider",
        "InputPriceBased": false,
        "KeepInputQuality": true,
        "OutputStack": 100,
        "Sounds": ["Ship"],
        "PlacingAnimation": null,
        "PlacingAnimationColorName": "White",
    },
    { // Cauim
        "ProducerName": "Keg - Iridium",
        "InputIdentifier": "Cassava",
        "InputStack": 100,
        "MinutesUntilReady": 2360,
        "OutputIdentifier": "Cauim",
        "InputPriceBased": false,
        "KeepInputQuality": true,
        "OutputStack": 100,
        "Sounds": ["Ship"],
        "PlacingAnimation": null,
        "PlacingAnimationColorName": "White",
    },
    { // Durum
        "ProducerName": "Keg - Iridium",
        "InputIdentifier": "Durum",
        "InputStack": 100,
        "MinutesUntilReady": 6000,
        "OutputIdentifier": "Dark Ale",
        "InputPriceBased": false,
        "KeepInputQuality": true,
        "OutputStack": 100,
        "Sounds": ["Ship"],
        "PlacingAnimation": null,
        "PlacingAnimationColorName": "White",
    },
    { // Framboise Lambic
        "ProducerName": "Keg - Iridium",
        "InputIdentifier": "Raspberry",
        "InputStack": 100,
        "FuelIdentifier": "Yeast",
        "FuelStack": 100,
        "MinutesUntilReady": 6000,
        "OutputIdentifier": "Framboise Lambic",
        "InputPriceBased": false,
        "KeepInputQuality": true,
        "OutputStack": 100,
        "Sounds": ["Ship"],
        "PlacingAnimation": null,
        "PlacingAnimationColorName": "White",
    },
    { // Hard Apple Cider
        "ProducerName": "Keg - Iridium",
        "InputIdentifier": "Apple Cider",
        "InputStack": 100,
        "MinutesUntilReady": 2360,
        "OutputIdentifier": "Hard Apple Cider",
        "InputPriceBased": false,
        "KeepInputQuality": true,
        "OutputStack": 100,
        "Sounds": ["Ship"],
        "PlacingAnimation": null,
        "PlacingAnimationColorName": "White",
    },
    { // Kefir
        "ProducerName": "Keg - Iridium",
        "InputIdentifier": "goat_milk_item",
        "InputStack": 100,
        "MinutesUntilReady": 2360,
        "OutputIdentifier": "Kefir",
        "InputPriceBased": false,
        "KeepInputQuality": true,
        "OutputStack": 100,
        "Sounds": ["Ship"],
        "PlacingAnimation": null,
        "PlacingAnimationColorName": "White",
    },
    { // Kumis
        "ProducerName": "Keg - Iridium",
        "InputIdentifier": "cow_milk_item",
        "InputStack": 100,
        "MinutesUntilReady": 2360,
        "OutputIdentifier": "Kumis",
        "InputPriceBased": false,
        "KeepInputQuality": true,
        "OutputStack": 100,
        "Sounds": ["Ship"],
        "PlacingAnimation": null,
        "PlacingAnimationColorName": "White",
    },
    { // Lassi
        "ProducerName": "Keg - Iridium",
        "InputIdentifier": "Yogurt",
        "InputStack": 100,
        "MinutesUntilReady": 2360,
        "OutputIdentifier": "Lassi",
        "InputPriceBased": false,
        "KeepInputQuality": true,
        "OutputStack": 100,
        "Sounds": ["Ship"],
        "PlacingAnimation": null,
        "PlacingAnimationColorName": "White",
    },
    { // Perry
        "ProducerName": "Keg - Iridium",
        "InputIdentifier": "Pear",
        "InputStack": 100,
        "FuelIdentifier": "Yeast",
        "FuelStack": 100,
        "MinutesUntilReady": 6000,
        "OutputIdentifier": "Perry",
        "InputPriceBased": false,
        "KeepInputQuality": true,
        "OutputStack": 100,
        "Sounds": ["Ship"],
        "PlacingAnimation": null,
        "PlacingAnimationColorName": "White",
    },
    { // Porter
        "ProducerName": "Keg - Iridium",
        "InputIdentifier": "Wheat Malt",
        "InputStack": 100,
        "MinutesUntilReady": 2360,
        "OutputIdentifier": "Porter",
        "InputPriceBased": false,
        "KeepInputQuality": true,
        "OutputStack": 100,
        "Sounds": ["Ship"],
        "PlacingAnimation": null,
        "PlacingAnimationColorName": "White",
    },
    { // Pulque
        "ProducerName": "Keg - Iridium",
        "InputIdentifier": "Maguey",
        "InputStack": 100,
        "MinutesUntilReady": 2360,
        "OutputIdentifier": "Pulque",
        "InputPriceBased": false,
        "KeepInputQuality": true,
        "OutputStack": 100,
        "Sounds": ["Ship"],
        "PlacingAnimation": null,
        "PlacingAnimationColorName": "White",
    },
    { // Sake
        "ProducerName": "Keg - Iridium",
        "InputIdentifier": "Rice Flour",
        "InputStack": 100,
        "MinutesUntilReady": 6000,
        "OutputIdentifier": "Sake",
        "InputPriceBased": false,
        "KeepInputQuality": true,
        "OutputStack": 100,
        "Sounds": ["Ship"],
        "PlacingAnimation": null,
        "PlacingAnimationColorName": "White",
    },
    { // Sparkling Wine
        "ProducerName": "Keg - Iridium",
        "InputIdentifier": "348",
        "InputStack": 100,
        "FuelIdentifier": "Wine Yeast",
        "FuelStack": 100,
        "MinutesUntilReady": 6000,
        "OutputIdentifier": "Sparkling Wine",
        "InputPriceBased": false,
        "KeepInputQuality": true,
        "OutputStack": 100,
        "Sounds": ["Ship"],
        "PlacingAnimation": null,
        "PlacingAnimationColorName": "White",
    },
    { // Stout
        "ProducerName": "Keg - Iridium",
        "InputIdentifier": "Barley Malt",
        "InputStack": 100,
        "MinutesUntilReady": 6000,
        "OutputIdentifier": "Stout",
        "InputPriceBased": false,
        "KeepInputQuality": true,
        "OutputStack": 100,
        "Sounds": ["Ship"],
        "PlacingAnimation": null,
        "PlacingAnimationColorName": "White",
    },
    { // Umeshu
        "ProducerName": "Keg - Iridium",
        "InputIdentifier": "406",
        "InputStack": 100,
        "FuelIdentifier": "245",
        "FuelStack": 100,
        "MinutesUntilReady": 6000,
        "OutputIdentifier": "Umeshu",
        "InputPriceBased": false,
        "KeepInputQuality": true,
        "OutputStack": 100,
        "Sounds": ["Ship"],
        "PlacingAnimation": null,
        "PlacingAnimationColorName": "White",
    },
	
]