[
	{
        "ProducerName":"Preserves Jar - Copper", //Name of the producer
        "AlternateFrameProducing": false, //If the producer should use the alternate frame when producing.
        "AlternateFrameWhenReady": false //If the producer should use the alternate frame and ready for harvest.
    },
	{
        "ProducerName":"Preserves Jar - Iron", //Name of the producer
        "AlternateFrameProducing": false, //If the producer should use the alternate frame when producing.
        "AlternateFrameWhenReady": false //If the producer should use the alternate frame and ready for harvest.
    },
	{
        "ProducerName":"Preserves Jar - Gold", //Name of the producer
        "AlternateFrameProducing": false, //If the producer should use the alternate frame when producing.
        "AlternateFrameWhenReady": false //If the producer should use the alternate frame and ready for harvest.
    },
	{
        "ProducerName":"Preserves Jar - Iridium", //Name of the producer
        "AlternateFrameProducing": false, //If the producer should use the alternate frame when producing.
        "AlternateFrameWhenReady": false //If the producer should use the alternate frame and ready for harvest.
    }
]