{
    "Name": "Keg - Iridium",
    "Description": "Place 100 fruits or vegetables in here. Eventually they will turn into beverages..",
    "Price": 1,
    "ProvidesLight": false,
    "ReserveNextIndex": true,
    "Recipe":
    {
        "ResultCount": 1,
        "Ingredients": [
        {
            "Object": 388,
            "Count": 3000,
        },
        {
            "Object": 334,
            "Count": 100,
        },
        {
            "Object": 335,
            "Count": 100,
        },
        {
            "Object": 725,
            "Count": 100,
        }, ],
		"CanPurchase": true,
		"PurchaseFrom": "Clint",
		"PurchasePrice": 200000,
    },
	"CanPurchase": true,
    "PurchaseFrom": "Clint",
	"PurchasePrice": 400000,
    "NameLocalization":
    {
        // "es": "",
        // "ko": "",
        // "de": "",
        // "fr": "",
        // "hu": "",
        // "it": "",
        // "ja": "",
        // "pt": "",
        // "ru": "",
        // "tr": "",
        "zh": "铱质小桶",
    },
    "DescriptionLocalization":
    {
        // "es": "",
        // "ko": "",
        // "de": "",
        // "fr": "",
        // "hu": "",
        // "it": "",
        // "ja": "",
        // "pt": "",
        // "ru": "",
        // "tr": "",
        "zh": "在这里放置蔬菜或水果。最终它们会变成饮料。效率是原始小桶的100倍，一次需要放入100份蔬菜或水果。",
    }
}