﻿[
    {
        "Name": "Chicken Statue", //Name of the ager. Required.
        "EnableAgingAnywhere": true, //If true, the player will be able to place items in the ager anywhere. Otherwise, it will work only where the cask normally works. Default is false.
        "EnableMoreThanOneQualityIncrementPerDay": false, //If true, the ager will be able to increase more than one quality lever per day. Otherwise it will only increase one quality level per day, even if the aging rate would allow for faster increase. Default is false.
        "EnableAgeEveryObject": false, //If true, it will be able to age every object. Default is false.
        "DefaultAgingRate": 1, //Rate that will be used for non declared objects. Default is 1.
        "AgingData": { // Pair of identifier and aging rate. The identifier can be the Index, the Category or the Name of the object. To calculate the amount of days it takes to age an object, divide 56 by the aging rate, rounded up. That's the number of days to age from no quality to iridium quality. Gold quality is half that value, and silver quality is one quarter of that value.
            "342": 2.67, //Example with Id.
            "-5": 2.0, //Example with Category. It's always a negative numbers.
            "Salmon": 4.0 //Example with Name. It's required for json assets objects, since you can't know the Id it will choose for each mod user.
        },
        "OverrideMod": [ "IdOfTheMod.ToOverride" ], //If defined, this ager data will override the data of ager with the same name from the mods in the list. Otherwise the first one to be loaded will be used.
        "MergeIntoMod": [ "IdOfTheMod.ToMergeInto" ] //If defined, this ager aging data will be merged with ager with the same name from the mods in the list. Equal identifiers will be overriden. Otherwise the first one to be loaded will be used.
    }
]