{
    "Name": "Preserves Jar - Copper",
    "Description": "Turns 10 vegetables into 10 pickles and 10 fruit into 10 jam.",
    "Price": 1,
    "ProvidesLight": false,
    "ReserveNextIndex": true,
    "Recipe":
    {
        "ResultCount": 1,
        "Ingredients": [
        {
            "Object": 388,
            "Count": 500,
        },
        {
            "Object": 390,
            "Count": 400,
        },
        {
            "Object": 382,
            "Count": 80,
        }, ],
		"CanPurchase": true,
		"PurchaseFrom": "Clint",
		"PurchasePrice": 5000,
    },
	"CanPurchase": true,
    "PurchaseFrom": "Clint",
	"PurchasePrice": 10000,
    "NameLocalization":
    {
        // "es": "",
        // "ko": "",
        // "de": "",
        // "fr": "",
        // "hu": "",
        // "it": "",
        // "ja": "",
        // "pt": "",
        // "ru": "",
        // "tr": "",
        "zh": "铜质罐头瓶",
    },
    "DescriptionLocalization":
    {
        // "es": "",
        // "ko": "",
        // "de": "",
        // "fr": "",
        // "hu": "",
        // "it": "",
        // "ja": "",
        // "pt": "",
        // "ru": "",
        // "tr": "",
        "zh": "把蔬菜变成泡菜，把水果变成果酱。效率是原始罐头瓶的10倍，一次需要放入10份蔬菜或水果。",
    }
}