{
    "Name": "Keg - Copper",
    "Description": "Place 10 fruits or vegetables in here. Eventually they will turn into beverages..",
    "Price": 1,
    "ProvidesLight": false,
    "ReserveNextIndex": true,
    "Recipe":
    {
        "ResultCount": 1,
        "Ingredients": [
        {
            "Object": 388,
            "Count": 300,
        },
        {
            "Object": 334,
            "Count": 10,
        },
        {
            "Object": 335,
            "Count": 10,
        },
        {
            "Object": 725,
            "Count": 10,
        }, ],
		"CanPurchase": true,
		"PurchaseFrom": "Clint",
		"PurchasePrice": 20000,
    },
	"CanPurchase": true,
    "PurchaseFrom": "Clint",
	"PurchasePrice": 40000,
    "NameLocalization":
    {
        // "es": "",
        // "ko": "",
        // "de": "",
        // "fr": "",
        // "hu": "",
        // "it": "",
        // "ja": "",
        // "pt": "",
        // "ru": "",
        // "tr": "",
        "zh": "铜质小桶",
    },
    "DescriptionLocalization":
    {
        // "es": "",
        // "ko": "",
        // "de": "",
        // "fr": "",
        // "hu": "",
        // "it": "",
        // "ja": "",
        // "pt": "",
        // "ru": "",
        // "tr": "",
        "zh": "在这里放置蔬菜或水果。最终它们会变成饮料。效率是原始小桶的10倍，一次需要放入10份蔬菜或水果。",
    }
}